<nfeAutorizacaoLoteResult xmlns="http://www.portalfiscal.inf.br/nfe/wsdl/NfeAutorizacao3"><retEnviNFe versao="3.10" xmlns="http://www.portalfiscal.inf.br/nfe"><tpAmb>2</tpAmb><verAplic>PR-v3_4_7</verAplic><cStat>104</cStat><xMotivo>Lote processado</xMotivo><cUF>41</cUF><dhRecbto>2018-08-09T14:53:52-03:00</dhRecbto><protNFe versao="3.10"><infProt Id="ID141180000992062"><tpAmb>2</tpAmb><verAplic>PR-v3_4_7</verAplic><chNFe>41180808187168000160650200000000141000000330</chNFe><dhRecbto>2018-08-09T14:53:52-03:00</dhRecbto><nProt>141180000992062</nProt><digVal>ONxtwQQkhcQiQNucTe0BXytAnHQ=</digVal><cStat>100</cStat><xMotivo>Autorizado o uso da NF-e</xMotivo></infProt></protNFe></retEnviNFe></nfeAutorizacaoLoteResult>
