<nfeRetAutorizacaoResult xmlns="http://www.portalfiscal.inf.br/nfe/wsdl/NfeRetAutorizacao3"><retConsReciNFe versao="3.10" xmlns="http://www.portalfiscal.inf.br/nfe"><tpAmb>2</tpAmb><verAplic>PR-v3_4_7</verAplic><nRec>411000003280777</nRec><cStat>104</cStat><xMotivo>Lote processado</xMotivo><cUF>41</cUF><dhRecbto>2018-08-09T11:37:30-03:00</dhRecbto><protNFe versao="3.10"><infProt><tpAmb>2</tpAmb><verAplic>PR-v3_4_7</verAplic><chNFe>41180808187168000160650200000000051000000330</chNFe><dhRecbto>2018-08-09T11:36:40-03:00</dhRecbto><digVal>qexh8CrDrITUhJ6Or/Zp+HCUqrw=</digVal><cStat>704</cStat><xMotivo>NFC-e com Data-Hora de emissao atrasada Tolerancia de ate 5 minutos</xMotivo></infProt></protNFe></retConsReciNFe></nfeRetAutorizacaoResult>
