<nfeResultMsg xmlns="http://www.portalfiscal.inf.br/nfe/wsdl/NFeAutorizacao4"><retEnviNFe versao="4.00" xmlns="http://www.portalfiscal.inf.br/nfe"><tpAmb>2</tpAmb><verAplic>PR-v4_1_7</verAplic><cStat>104</cStat><xMotivo>Lote processado</xMotivo><cUF>41</cUF><dhRecbto>2018-08-10T11:32:06-03:00</dhRecbto><protNFe versao="4.00"><infProt Id="ID141180000993457"><tpAmb>2</tpAmb><verAplic>PR-v4_1_7</verAplic><chNFe>41180808187168000160652801397327561622013475</chNFe><dhRecbto>2018-08-10T11:32:06-03:00</dhRecbto><nProt>141180000993457</nProt><digVal>vQNoWFyoSsXyB7It+3T8yQiVlkI=</digVal><cStat>100</cStat><xMotivo>Autorizado o uso da NF-e</xMotivo></infProt></protNFe></retEnviNFe></nfeResultMsg>
