<retEnvEvento versao="1.00" xmlns="http://www.portalfiscal.inf.br/nfe"><idLote>0001</idLote><tpAmb>2</tpAmb><verAplic>PR-v3_4_7</verAplic><cOrgao>41</cOrgao><cStat>128</cStat><xMotivo>Lote de Evento Processado</xMotivo><retEvento versao="1.00"><infEvento><tpAmb>2</tpAmb><verAplic>PR-v3_4_7</verAplic><cOrgao>41</cOrgao><cStat>135</cStat><xMotivo>Evento registrado e vinculado a NF-e</xMotivo><chNFe>41180808187168000160650200000000131000000332</chNFe><tpEvento>110111</tpEvento><xEvento>Cancelamento</xEvento><nSeqEvento>1</nSeqEvento><dhRegEvento>2018-08-09T14:53:14-03:00</dhRegEvento><nProt>141180000992058</nProt></infEvento></retEvento></retEnvEvento>
