<nfeResultMsg xmlns="http://www.portalfiscal.inf.br/nfe/wsdl/NFeAutorizacao4"><retEnviNFe versao="4.00" xmlns="http://www.portalfiscal.inf.br/nfe"><tpAmb>2</tpAmb><verAplic>PR-v4_1_7</verAplic><cStat>104</cStat><xMotivo>Lote processado</xMotivo><cUF>41</cUF><dhRecbto>2018-08-09T17:08:30-03:00</dhRecbto><protNFe versao="4.00"><infProt Id="ID141180000992586"><tpAmb>2</tpAmb><verAplic>PR-v4_1_7</verAplic><chNFe>41180808187168000160653978710795971770070097</chNFe><dhRecbto>2018-08-09T17:08:30-03:00</dhRecbto><nProt>141180000992586</nProt><digVal>wv83SpUaWjyLeMFzK6e9QkgcJpw=</digVal><cStat>100</cStat><xMotivo>Autorizado o uso da NF-e</xMotivo></infProt></protNFe></retEnviNFe></nfeResultMsg>
