<nfeAutorizacaoLoteResult xmlns="http://www.portalfiscal.inf.br/nfe/wsdl/NfeAutorizacao3"><retEnviNFe versao="3.10" xmlns="http://www.portalfiscal.inf.br/nfe"><tpAmb>2</tpAmb><verAplic>PR-v3_4_7</verAplic><cStat>104</cStat><xMotivo>Lote processado</xMotivo><cUF>41</cUF><dhRecbto>2018-08-09T15:41:14-03:00</dhRecbto><protNFe versao="3.10"><infProt Id="ID141180000992221"><tpAmb>2</tpAmb><verAplic>PR-v3_4_7</verAplic><chNFe>41180808187168000160656309224182081470168981</chNFe><dhRecbto>2018-08-09T15:41:14-03:00</dhRecbto><nProt>141180000992221</nProt><digVal>gCny203/9K8Ar5nknfHxt7P84oQ=</digVal><cStat>100</cStat><xMotivo>Autorizado o uso da NF-e</xMotivo></infProt></protNFe></retEnviNFe></nfeAutorizacaoLoteResult>
