<nfeResultMsg xmlns="http://www.portalfiscal.inf.br/nfe/wsdl/NFeRecepcaoEvento4"><retEnvEvento versao="1.00" xmlns="http://www.portalfiscal.inf.br/nfe"><idLote>1</idLote><tpAmb>2</tpAmb><verAplic>PR-v4_1_6</verAplic><cOrgao>41</cOrgao><cStat>128</cStat><xMotivo>Lote de Evento Processado</xMotivo><retEvento versao="1.00"><infEvento><tpAmb>2</tpAmb><verAplic>PR-v4_1_6</verAplic><cOrgao>41</cOrgao><cStat>135</cStat><xMotivo>Evento registrado e vinculado a NF-e</xMotivo><chNFe>41180708187168000160657610000005521000005565</chNFe><tpEvento>110111</tpEvento><xEvento>Cancelamento</xEvento><nSeqEvento>1</nSeqEvento><dhRegEvento>2018-07-17T14:05:47-03:00</dhRegEvento><nProt>141180000896628</nProt></infEvento></retEvento></retEnvEvento></nfeResultMsg>
