<nfeAutorizacaoLoteResult xmlns="http://www.portalfiscal.inf.br/nfe/wsdl/NfeAutorizacao3"><retEnviNFe versao="3.10" xmlns="http://www.portalfiscal.inf.br/nfe"><tpAmb>2</tpAmb><verAplic>PR-v3_4_7</verAplic><cStat>225</cStat><xMotivo>Falha no Schema XML do lote de NFe. org.xml.sax.SAXParseException; lineNumber: 1; columnNumber: 2254; cvc-pattern-valid: Value '?chNFe=41180808187168000160650200000000051000000330&amp;nVersao=100&amp;tpAmb=2&amp;dhEmi=323031382d30382d30395431313a33303a30302d30333a303</xMotivo><cUF>41</cUF><dhRecbto>2018-08-09T11:26:30-03:00</dhRecbto></retEnviNFe></nfeAutorizacaoLoteResult>
