<nfeConsultaNFResult xmlns="http://www.portalfiscal.inf.br/nfe/wsdl/NfeConsulta3"><retConsSitNFe versao="3.10" xmlns="http://www.portalfiscal.inf.br/nfe"><tpAmb>2</tpAmb><verAplic>PR-v3_4_7</verAplic><cStat>100</cStat><xMotivo>Autorizado o uso da NF-e</xMotivo><cUF>41</cUF><dhRecbto>2018-08-09T14:43:33-03:00</dhRecbto><chNFe>41180808187168000160650200000000091000000330</chNFe><protNFe versao="3.10"><infProt Id="ID141180000992024"><tpAmb>2</tpAmb><verAplic>PR-v3_4_7</verAplic><chNFe>41180808187168000160650200000000091000000330</chNFe><dhRecbto>2018-08-09T14:43:30-03:00</dhRecbto><nProt>141180000992024</nProt><digVal>nHGU/5gwLBpIh67EdQLczBifJy0=</digVal><cStat>100</cStat><xMotivo>Autorizado o uso da NF-e</xMotivo></infProt></protNFe></retConsSitNFe></nfeConsultaNFResult>
