<nfeResultMsg xmlns="http://www.portalfiscal.inf.br/nfe/wsdl/NFeAutorizacao4"><retEnviNFe versao="4.00" xmlns="http://www.portalfiscal.inf.br/nfe"><tpAmb>2</tpAmb><verAplic>PR-v4_1_6</verAplic><cStat>104</cStat><xMotivo>Lote processado</xMotivo><cUF>41</cUF><dhRecbto>2018-07-17T14:05:42-03:00</dhRecbto><protNFe versao="4.00"><infProt Id="ID141180000896627"><tpAmb>2</tpAmb><verAplic>PR-v4_1_6</verAplic><chNFe>41180708187168000160657610000005521000005565</chNFe><dhRecbto>2018-07-17T14:05:42-03:00</dhRecbto><nProt>141180000896627</nProt><digVal>hhCFsrNqlZZFsVnEZzF0YAsd80Y=</digVal><cStat>100</cStat><xMotivo>Autorizado o uso da NF-e</xMotivo></infProt></protNFe></retEnviNFe></nfeResultMsg>
