<nfeResultMsg xmlns="http://www.portalfiscal.inf.br/nfe/wsdl/NFeConsultaProtocolo4"><retConsSitNFe versao="4.00" xmlns="http://www.portalfiscal.inf.br/nfe"><tpAmb>2</tpAmb><verAplic>PR-v4_1_7</verAplic><cStat>100</cStat><xMotivo>Autorizado o uso da NF-e</xMotivo><cUF>41</cUF><dhRecbto>2018-08-09T15:30:19-03:00</dhRecbto><chNFe>41180808187168000160650200000000211000000326</chNFe><protNFe versao="4.00"><infProt Id="ID141180000992182"><tpAmb>2</tpAmb><verAplic>PR-v4_1_7</verAplic><chNFe>41180808187168000160650200000000211000000326</chNFe><dhRecbto>2018-08-09T15:30:17-03:00</dhRecbto><nProt>141180000992182</nProt><digVal>eglea95S8lEHdW1AcY3ueXKqZtY=</digVal><cStat>100</cStat><xMotivo>Autorizado o uso da NF-e</xMotivo></infProt></protNFe></retConsSitNFe></nfeResultMsg>
