<nfeResultMsg xmlns="http://www.portalfiscal.inf.br/nfe/wsdl/NFeAutorizacao4"><retEnviNFe versao="4.00" xmlns="http://www.portalfiscal.inf.br/nfe"><tpAmb>2</tpAmb><verAplic>PR-v4_2_4</verAplic><cStat>104</cStat><xMotivo>Lote processado</xMotivo><cUF>41</cUF><dhRecbto>2019-03-01T10:27:52-03:00</dhRecbto><protNFe versao="4.00"><infProt Id="ID141190000231270"><tpAmb>2</tpAmb><verAplic>PR-v4_2_4</verAplic><chNFe>41190308187168000160657721825860011453950104</chNFe><dhRecbto>2019-03-01T10:27:52-03:00</dhRecbto><nProt>141190000231270</nProt><digVal>IFlOCYkHqmVLazCW4Qntr6z3lh8=</digVal><cStat>100</cStat><xMotivo>Autorizado o uso da NF-e</xMotivo></infProt></protNFe></retEnviNFe></nfeResultMsg>
