<nfeResultMsg xmlns="http://www.portalfiscal.inf.br/nfe/wsdl/NFeRetAutorizacao4"><retConsReciNFe versao="4.00" xmlns="http://www.portalfiscal.inf.br/nfe"><tpAmb>2</tpAmb><verAplic>PR-v4_4_8</verAplic><nRec>411000003898139</nRec><cStat>104</cStat><xMotivo>Lote processado</xMotivo><cUF>41</cUF><dhRecbto>2021-04-22T16:37:40-03:00</dhRecbto><protNFe versao="4.00"><infProt><tpAmb>2</tpAmb><verAplic>PR-v4_4_8</verAplic><chNFe>41210408187168000160657905843692431531275546</chNFe><dhRecbto>2021-04-22T16:37:30-03:00</dhRecbto><digVal>rPB3rpYZdAJSY7kbmkldotltLFs=</digVal><cStat>213</cStat><xMotivo>CNPJ-Base do Emitente difere do CNPJ-Base do Certificado Digital</xMotivo></infProt></protNFe></retConsReciNFe></nfeResultMsg>
