<nfeResultMsg xmlns="http://www.portalfiscal.inf.br/nfe/wsdl/NFeRetAutorizacao4"><retConsReciNFe versao="4.00" xmlns="http://www.portalfiscal.inf.br/nfe"><tpAmb>2</tpAmb><verAplic>PR-v4_4_8</verAplic><nRec>411000003899425</nRec><cStat>104</cStat><xMotivo>Lote processado</xMotivo><cUF>41</cUF><dhRecbto>2021-04-26T09:15:29-03:00</dhRecbto><protNFe versao="4.00"><infProt><tpAmb>2</tpAmb><verAplic>PR-v4_4_8</verAplic><chNFe>41210408187168000160656347514417911595772261</chNFe><dhRecbto>2021-04-26T09:15:24-03:00</dhRecbto><digVal>e5lulhqgNuBx6nHxe2QwHYRhdMs=</digVal><cStat>213</cStat><xMotivo>CNPJ-Base do Emitente difere do CNPJ-Base do Certificado Digital</xMotivo></infProt></protNFe></retConsReciNFe></nfeResultMsg>
