<nfeResultMsg xmlns="http://www.portalfiscal.inf.br/nfe/wsdl/NFeRecepcaoEvento4"><retEnvEvento versao="1.00" xmlns="http://www.portalfiscal.inf.br/nfe"><idLote>1</idLote><tpAmb>2</tpAmb><verAplic>PR-v4_2_2</verAplic><cOrgao>41</cOrgao><cStat>128</cStat><xMotivo>Lote de Evento Processado</xMotivo><retEvento versao="1.00"><infEvento><tpAmb>2</tpAmb><verAplic>PR-v4_2_2</verAplic><cOrgao>41</cOrgao><cStat>135</cStat><xMotivo>Evento registrado e vinculado a NF-e</xMotivo><chNFe>41181208187168000160650010000900971123456783</chNFe><tpEvento>110111</tpEvento><xEvento>Cancelamento</xEvento><nSeqEvento>1</nSeqEvento><dhRegEvento>2018-12-13T09:35:52-02:00</dhRegEvento><nProt>141180002729857</nProt></infEvento></retEvento></retEnvEvento></nfeResultMsg>
