<nfeResultMsg xmlns="http://www.portalfiscal.inf.br/nfe/wsdl/NFeConsultaProtocolo4"><retConsSitNFe versao="4.00" xmlns="http://www.portalfiscal.inf.br/nfe"><tpAmb>2</tpAmb><verAplic>PR-v4_2_2</verAplic><cStat>100</cStat><xMotivo>Autorizado o uso da NF-e</xMotivo><cUF>41</cUF><dhRecbto>2018-12-13T09:35:44-02:00</dhRecbto><chNFe>41181208187168000160650010000900971123456783</chNFe><protNFe versao="4.00"><infProt Id="ID141180002729847"><tpAmb>2</tpAmb><verAplic>PR-v4_2_2</verAplic><chNFe>41181208187168000160650010000900971123456783</chNFe><dhRecbto>2018-12-13T09:35:40-02:00</dhRecbto><nProt>141180002729847</nProt><digVal>TwdPxQbZMP3VUG6/kPovTUXvpQI=</digVal><cStat>100</cStat><xMotivo>Autorizado o uso da NF-e</xMotivo></infProt></protNFe></retConsSitNFe></nfeResultMsg>
